{ 
	"cpu_switch" : [1, 1, 1, 1],
	"cache_usage" : [0, 0, 0, 0],
	"mem_usage" : [688.206000, 596.855000, 586.179000, 566.349000]
}