{ 
	"cpu_switch" : [1, 1, 1, 1],
	"cache_usage" : [73, 3, 7, 17],
	"mem_usage" : [0.446335, 0.084549, 0.075119, 0.075783]
}