{ 
	"cpu_switch" : [1, 1, 1, 1],
	"cache_usage" : [1, 38, 23, 38],
	"mem_usage" : [0.088478, 1.290192, 1.343369, 2.222397]
}