{ 
	"cpu_switch" : [1, 1, 1, 1],
	"cache_usage" : [74, 3, 7, 16],
	"mem_usage" : [21.455345, 0.074570, 0.077599, 0.463470]
}