{ 
	"cpu_switch" : [1, 1, 0, 0],
	"cache_usage" : [79, 21, 0, 0],
	"mem_usage" : [2314.310000, 108.344000, 0.000000, 0.000000]
}